id;V1;V2;V3;V4;V5;V6;V7;V8;V9;V10;V11;V12;V13
5;5;1;4;2;3;4;3;1;3;2;4;4;3
8;4;1;1;5;1;4;4;3;5;1;5;3;2
15;2;1;1;1;1;1;2;2;1;2;1;1;2
17;4;3;4;4;4;4;4;4;4;4;4;4;3
18;4;2;3;3;4;3;2;2;4;4;5;4;3
19;3;4;2;2;4;1;2;2;4;4;4;4;5
21;4;4;4;4;4;4;4;4;4;4;4;4;4
24;4;5;4;2;3;5;5;5;1;5;5;5;1
27;4;2;2;4;4;2;4;2;4;2;4;4;2
28;4;3;4;5;2;4;4;4;4;4;4;4;4
33;4;3;2;4;2;4;2;2;4;2;5;3;2
38;4;3;3;3;3;4;2;2;2;3;4;2;4
39;2;1;2;5;4;2;5;3;2;4;4;3;4
40;5;1;1;4;4;3;4;3;3;1;5;2;1
43;1;3;3;3;1;1;2;2;3;1;2;5;2
45;4;1;2;4;3;4;3;2;2;2;4;4;1
47;3;3;3;3;3;5;4;1;4;1;4;2;2
48;3;1;2;2;3;1;4;3;2;2;3;4;1
49;4;4;4;5;4;5;4;5;5;4;4;3;4
51;1;1;3;4;2;3;2;4;3;2;3;5;2
52;4;4;3;3;3;3;5;3;5;4;4;4;4
54;2;2;3;3;4;2;3;3;2;2;3;4;2
55;3;3;4;4;3;2;4;3;2;2;3;4;2
57;5;2;1;2;2;4;4;1;1;4;3;5;3
58;3;1;4;1;3;3;1;2;3;4;2;2;2
61;4;3;3;3;5;4;3;3;4;2;4;4;4
65;4;2;5;2;5;2;3;3;4;4;4;4;1
66;3;1;1;2;1;2;4;4;2;2;2;4;1
67;3;3;3;2;2;4;3;5;1;2;2;3;2
74;2;2;2;2;4;3;4;2;2;2;4;4;2
78;5;4;3;4;4;4;2;3;2;2;5;3;1
79;3;2;3;2;2;2;2;2;1;2;2;3;2
80;4;3;3;2;4;4;4;2;4;2;4;3;4
81;5;4;4;2;3;4;3;2;5;3;4;2;4
85;3;2;2;2;5;2;2;4;3;3;2;4;1
86;3;3;3;3;3;3;3;3;3;1;3;3;3
89;4;1;2;4;1;2;2;3;2;1;4;3;3
90;4;3;4;2;3;4;3;3;4;4;4;3;3
92;1;1;2;3;3;5;3;2;2;4;4;5;3
94;4;1;1;4;3;4;4;3;3;4;3;5;4
95;4;3;3;2;4;3;3;3;3;2;5;4;1
97;4;4;3;4;4;4;3;3;2;2;4;3;4
98;5;3;4;4;2;3;2;2;2;2;4;3;2
99;3;3;4;3;3;4;4;3;3;4;2;3;4
102;3;4;4;2;5;2;3;3;3;1;3;2;1
103;4;3;2;5;2;5;5;2;4;5;4;4;1
107;1;1;1;1;1;2;2;2;2;2;2;2;2
109;5;2;3;5;5;3;3;2;2;4;3;3;3
110;4;4;4;5;5;5;4;4;5;4;5;3;4
111;5;3;1;4;1;4;4;2;3;4;2;2;4
112;5;1;4;4;3;4;5;4;1;3;3;4;1
113;5;3;4;1;5;2;4;1;1;1;1;5;1
114;4;2;4;4;3;2;4;4;3;2;4;4;2
115;4;3;4;4;3;2;2;2;2;2;4;4;4
116;3;4;4;5;5;3;4;3;3;3;5;5;5
117;4;3;3;2;3;5;2;2;3;2;4;2;2
122;3;2;3;3;5;5;3;3;4;5;3;4;3
123;3;3;2;3;3;3;2;4;4;3;4;2;3
124;4;1;1;4;4;4;4;1;1;4;4;4;2
125;3;3;3;4;4;3;1;3;4;3;4;3;3
128;1;3;3;1;1;4;3;1;1;1;4;4;1
130;4;4;4;4;4;3;4;2;4;3;2;4;2
131;4;4;3;2;5;2;2;1;4;4;4;2;2
132;4;3;3;3;3;4;4;4;4;4;4;4;4
133;3;4;2;3;3;3;4;2;3;4;4;4;3
136;4;3;3;2;5;4;3;2;2;2;4;2;3
137;5;4;3;2;2;3;5;2;3;3;2;4;4
139;1;4;5;3;2;2;1;4;3;1;5;5;2
140;3;4;4;1;5;5;2;2;4;4;4;4;3
142;4;2;2;4;3;4;3;3;2;3;3;4;3
145;4;3;3;4;3;5;5;5;5;5;5;5;5
146;3;3;4;2;3;4;4;5;2;2;4;4;4
147;4;4;3;2;3;3;3;3;3;3;3;3;3
150;3;2;3;4;3;4;3;3;4;2;4;4;3
151;4;1;3;5;2;4;3;5;4;4;3;2;1
152;4;2;3;3;2;3;3;3;2;2;4;3;5
154;4;4;4;2;3;4;2;3;1;1;1;4;1
160;4;4;4;4;4;4;5;5;4;4;4;4;4
161;2;2;3;4;3;5;2;2;2;1;3;4;2
163;4;4;4;4;4;4;2;4;4;2;4;4;4
166;2;2;2;2;4;4;4;4;4;4;4;4;4
167;4;5;4;4;5;4;3;4;4;4;3;2;3
169;3;3;3;3;3;5;5;5;5;5;5;5;5
170;3;2;2;5;3;3;2;2;3;4;5;3;5
173;4;4;3;3;3;4;5;4;4;4;4;4;5
175;5;5;5;5;5;5;5;5;5;5;5;5;5
180;4;2;4;4;5;2;1;2;4;4;5;2;4
181;5;1;3;5;3;5;1;5;3;1;5;5;1
188;5;1;1;1;1;3;1;1;4;5;5;3;3
189;3;3;3;3;3;4;3;3;3;3;3;2;3
190;4;2;4;3;3;3;4;3;4;2;3;3;2
191;3;2;4;4;4;4;3;2;2;3;4;2;3
194;2;4;3;3;3;3;2;3;3;3;2;4;4
195;5;1;1;5;1;5;2;1;1;2;5;2;1
196;4;1;1;2;4;4;2;2;1;3;3;5;2
197;4;4;3;4;3;3;3;3;4;4;3;5;2
199;1;4;1;3;2;2;1;2;5;4;3;3;5
201;4;4;3;4;3;4;4;4;3;4;3;4;4
208;3;3;3;3;3;3;1;1;1;2;1;1;1
209;3;3;2;1;5;3;3;3;3;2;5;5;2
212;4;3;3;3;4;4;1;2;4;2;5;3;5
215;4;1;3;3;4;5;3;1;2;1;3;4;2
217;3;4;4;3;4;4;2;4;4;4;4;4;2
218;3;2;4;2;3;5;3;5;5;5;5;5;5
219;3;3;3;3;3;3;3;3;3;1;3;4;3
224;1;1;3;3;1;5;3;1;2;2;4;3;3
226;4;3;2;3;3;4;2;4;5;3;5;5;4
228;4;4;3;3;4;4;2;2;1;3;4;4;3
229;3;4;4;3;3;3;3;4;1;2;3;3;1
231;1;2;3;4;3;4;5;2;4;1;4;4;1
232;1;1;1;3;2;4;5;4;5;1;4;5;5
233;4;2;2;4;3;3;2;3;2;2;3;2;3
237;4;1;2;4;4;1;2;1;1;1;5;4;4
238;3;3;4;3;4;3;3;4;3;3;4;2;4
239;5;5;5;4;3;1;3;3;3;3;4;1;1
240;3;1;4;2;5;3;1;5;5;4;3;2;5
244;3;1;3;4;5;3;3;3;3;2;4;3;1
245;3;4;4;4;3;4;5;3;3;3;3;4;2
246;4;2;2;4;4;3;2;2;2;2;4;4;3
247;4;1;2;4;2;4;2;3;3;1;3;4;1
249;3;3;3;3;3;3;3;2;3;3;4;4;3
255;3;3;3;3;3;1;1;2;3;2;1;3;3
257;4;3;3;4;3;3;4;3;3;3;2;4;2
261;3;5;2;3;4;2;1;1;2;2;2;3;3
263;3;4;3;3;2;2;3;3;3;3;4;2;3
268;4;4;4;3;4;3;2;3;3;3;3;3;3
269;4;3;5;4;3;1;5;4;4;3;4;4;5
271;3;3;3;3;3;3;3;3;5;1;3;3;3
272;4;3;2;5;1;5;3;3;5;5;5;5;3
273;2;1;3;2;3;4;3;1;3;1;3;4;1
276;2;2;3;3;3;3;3;4;3;2;4;3;3
277;3;2;2;3;4;3;2;4;2;1;3;2;2
280;3;2;2;4;4;4;3;1;3;2;3;4;2
281;3;2;3;4;5;3;4;3;4;3;5;3;3
289;2;2;5;3;3;3;3;4;2;2;4;3;4
291;3;3;4;4;4;4;3;3;3;4;4;4;4
293;2;4;4;2;3;2;4;2;4;3;3;5;3
298;3;4;3;4;4;5;4;5;2;5;3;4;4
300;4;2;2;2;4;3;3;1;3;2;4;2;3
302;2;3;3;3;3;3;2;2;2;2;1;2;1
303;4;2;5;5;5;5;1;1;3;3;5;1;2
305;4;4;4;2;4;3;1;1;3;2;5;5;2
308;4;1;4;2;2;4;2;2;5;2;4;2;2
311;4;1;4;4;1;3;2;1;2;1;3;3;3
312;4;4;4;2;3;3;1;2;4;5;4;3;3
314;2;2;4;2;3;2;2;3;3;4;3;2;1
315;4;2;3;4;4;3;3;3;4;3;3;5;1
317;4;4;4;4;4;3;3;4;3;2;3;2;3
319;3;4;3;3;3;3;4;3;3;3;4;3;4
323;4;2;3;4;2;4;5;4;5;4;3;4;1
324;4;4;4;4;4;4;3;2;2;4;3;5;3
325;2;2;2;2;2;4;3;4;4;4;4;4;4
330;3;4;4;3;4;3;3;4;4;3;3;3;4
331;3;5;5;3;5;2;3;2;4;1;4;4;1
334;2;2;2;2;2;3;3;3;3;3;3;3;2
335;4;2;4;3;3;4;2;2;2;4;3;4;2
336;3;1;2;4;3;4;4;2;1;1;3;1;1
338;4;4;3;3;4;3;2;3;2;4;4;2;3
339;2;1;3;2;2;3;2;4;4;4;3;2;5
348;4;2;2;5;2;2;4;3;1;2;3;3;2
349;4;4;4;4;4;4;4;4;4;4;4;4;4
353;4;2;4;5;3;4;5;1;1;4;5;5;4
354;4;2;3;4;3;4;2;3;3;1;4;4;2
356;5;2;4;4;4;4;3;3;4;5;5;4;5
357;3;3;4;4;4;4;4;4;4;3;3;4;4
358;3;4;3;4;4;3;3;3;3;3;2;4;3
362;4;3;3;3;3;4;2;3;3;2;2;1;5
367;3;2;3;3;2;3;2;3;3;2;4;3;3
370;4;1;1;4;4;4;3;2;4;1;4;5;2
372;4;3;2;3;4;3;3;4;3;2;3;2;3
373;5;4;4;2;3;2;3;2;2;1;3;4;5
376;4;2;3;3;4;3;2;3;4;1;4;2;1
378;2;3;4;2;2;4;3;3;4;4;3;4;2
382;3;4;2;4;3;2;2;4;2;1;1;3;1
383;4;4;4;4;4;3;3;4;4;4;3;4;4
386;3;4;3;3;3;3;5;4;3;3;3;3;4
387;5;5;4;3;3;5;1;2;4;4;4;5;1
388;4;2;4;4;4;3;3;3;3;3;3;4;3
389;4;1;1;4;4;2;2;4;2;4;4;2;4
390;3;3;3;3;3;4;4;4;4;4;4;4;4
391;3;1;2;4;3;5;4;3;1;2;4;4;3
392;4;1;3;5;4;2;4;3;3;2;5;4;1
395;4;1;3;5;2;1;4;4;1;3;2;5;4
396;1;1;3;2;4;3;4;2;4;2;4;4;4
398;4;4;4;1;1;3;3;3;5;3;5;3;3
399;1;1;2;1;4;5;4;1;1;1;4;3;1
400;2;4;4;3;3;4;3;2;2;3;4;4;5
404;4;3;3;4;4;4;4;3;4;4;4;2;2
410;4;5;5;4;4;4;1;2;4;4;4;5;5
413;3;2;2;3;4;4;4;3;2;1;5;4;2
415;3;2;2;3;1;5;5;5;1;1;1;5;5
420;4;4;4;4;4;4;4;4;4;4;4;4;4
421;2;2;2;4;4;4;3;3;4;2;3;2;5
422;3;2;2;4;3;3;3;2;3;3;4;4;4
424;4;3;3;3;3;4;4;2;4;2;4;4;2
426;4;3;3;3;3;3;3;3;3;2;4;2;3
427;4;2;4;1;4;4;4;1;3;3;5;2;4
434;4;1;1;3;1;4;4;3;2;3;4;3;4
435;4;2;2;4;2;4;2;4;4;4;4;4;4
436;4;2;2;3;3;3;4;3;3;2;4;4;3
437;3;3;3;4;3;2;3;2;3;3;2;4;2
438;3;4;4;3;3;3;3;3;3;3;3;3;3
439;2;2;2;2;2;3;4;4;1;5;2;1;1
441;3;3;3;3;3;4;4;3;5;4;4;4;3
443;4;3;2;4;4;4;3;2;4;2;4;4;3
446;3;4;4;4;4;3;4;4;4;3;4;4;4
450;3;3;3;3;3;3;3;3;2;2;3;3;3
454;3;3;3;3;4;3;3;3;2;4;3;4;3
456;4;4;4;4;2;4;3;3;2;4;2;4;2
457;4;3;2;4;2;4;4;2;2;2;3;2;3
458;5;4;2;4;5;5;1;1;5;4;4;1;3
459;4;3;3;4;3;4;2;3;4;2;2;3;2
460;2;2;2;4;2;1;3;3;2;1;3;5;5
463;5;2;4;4;2;2;2;3;3;4;3;1;2
464;4;3;3;3;3;4;3;2;3;1;4;3;3
465;3;3;2;4;3;4;4;4;2;2;4;4;2
466;4;4;4;2;4;1;2;3;2;2;4;2;3
467;3;2;2;3;2;3;2;2;4;2;3;4;3
469;3;4;4;2;3;4;2;2;2;2;4;4;2
470;4;2;3;3;4;3;4;2;4;2;3;2;1
471;3;2;2;3;4;1;2;3;5;1;5;3;3
472;3;3;2;4;3;3;3;3;4;4;3;3;4
473;1;2;2;3;3;2;1;2;2;2;2;2;2
475;2;1;3;5;3;3;3;4;2;3;3;4;2
477;3;2;2;3;2;3;3;2;3;2;3;3;3
479;2;3;3;3;4;4;3;3;3;2;2;4;2
480;3;3;2;2;3;4;3;3;2;3;3;4;3
481;3;3;4;3;3;3;2;3;3;2;4;3;2
482;4;3;3;3;3;3;3;3;2;4;4;3;2
484;4;3;3;3;3;3;4;3;4;4;4;4;4
486;4;4;4;3;4;3;3;3;1;2;3;2;3
487;4;4;4;3;3;3;4;3;4;3;4;4;4
488;2;2;2;3;4;3;3;3;3;4;4;3;4
490;4;3;2;4;4;3;4;3;3;4;4;4;4
492;5;4;4;5;4;3;3;3;3;3;3;3;3
493;2;2;4;4;4;2;3;3;1;4;2;2;1
495;2;2;2;4;2;2;4;4;2;2;4;4;1
496;2;3;4;4;3;3;4;4;3;4;3;4;4
497;2;2;2;3;2;4;4;4;2;2;4;4;2
499;1;3;3;3;3;3;2;2;3;4;2;4;4
500;1;2;3;3;4;5;4;2;3;4;4;5;5
502;3;3;4;3;3;1;1;1;1;1;5;1;1
506;4;3;3;4;4;2;3;3;4;3;4;4;2
507;2;2;3;4;3;2;3;5;1;3;2;1;4
508;4;4;5;2;3;2;3;5;3;4;5;1;4
509;3;3;3;3;3;3;4;4;2;1;4;4;4
510;2;3;4;2;2;3;2;2;4;2;4;5;3
511;4;4;4;3;4;4;2;3;3;3;4;3;4
512;3;1;1;5;2;5;2;3;1;1;4;2;1
513;1;1;1;1;1;1;4;2;2;2;3;1;4
514;4;4;3;4;3;3;3;4;4;4;3;3;4
515;1;1;1;1;1;4;5;1;1;4;4;4;4
518;2;2;2;2;2;3;3;3;3;2;3;3;3
521;3;3;3;3;2;4;3;3;2;4;4;2;3
523;5;4;4;5;1;2;4;1;3;5;4;1;1
524;2;2;4;5;5;3;2;1;4;1;5;4;3
525;3;3;3;3;3;3;3;2;3;2;3;4;3
526;4;2;2;2;2;5;5;1;1;1;5;5;1
527;3;2;3;3;3;3;5;2;1;3;4;2;1
529;3;3;3;5;3;3;3;3;3;3;3;3;3
532;3;3;3;3;3;3;3;4;2;2;3;3;3
533;4;4;4;2;4;4;2;2;2;4;4;2;2
534;5;1;3;3;3;1;2;1;3;3;5;3;5
535;4;3;3;4;4;3;2;2;4;2;4;2;1
536;3;3;3;5;3;3;3;3;4;3;4;4;3
537;4;2;5;2;1;5;2;3;5;1;2;4;3
540;4;4;4;4;3;4;4;4;3;4;5;4;5
541;5;5;5;5;5;5;5;5;5;5;5;5;5
543;1;1;2;3;1;3;3;3;1;3;4;4;1
547;3;2;3;3;4;3;2;2;4;2;4;4;3
549;3;3;3;4;3;5;4;2;3;1;3;5;1
550;5;1;1;5;5;2;1;2;1;2;5;3;2
551;4;3;3;3;3;4;2;2;4;2;4;3;2
554;4;2;3;3;4;4;2;3;3;2;4;2;2
555;2;1;2;2;2;2;1;2;2;2;1;2;2
556;4;2;3;4;4;3;4;3;2;2;4;3;1
557;3;4;4;4;3;4;3;4;4;3;4;2;2
558;3;4;4;2;3;4;2;2;4;2;3;4;1
559;3;3;3;3;3;2;2;2;2;1;2;4;2
560;2;2;3;4;2;4;1;5;1;1;4;4;1
561;5;3;3;4;4;3;1;4;3;3;4;5;2
563;4;3;4;4;4;4;3;2;2;5;4;2;2
565;3;2;3;4;3;3;3;3;3;2;4;3;2
568;2;3;3;2;4;2;2;1;3;5;5;4;1
572;4;4;4;2;3;4;2;1;1;1;3;2;3
573;4;3;3;3;3;2;3;3;2;3;3;2;2
574;2;5;2;3;2;4;5;3;2;2;4;3;1
576;4;3;3;4;3;3;4;3;5;4;5;3;4
580;4;3;4;3;4;5;4;4;3;4;4;4;4
581;4;3;4;4;4;4;2;4;4;4;4;3;2
583;4;2;4;2;4;2;2;2;4;4;4;2;4
585;2;5;1;4;3;5;4;5;5;3;5;3;5
587;4;2;2;2;3;2;2;2;4;1;2;4;1
592;4;3;3;3;3;4;2;3;2;2;3;3;4
593;1;1;4;5;3;5;2;1;1;4;4;4;5
595;4;3;4;3;3;3;4;2;2;2;4;3;2
597;3;1;3;4;2;2;2;1;3;2;4;4;2
598;4;4;4;4;4;3;4;4;3;4;3;4;3
602;4;2;3;3;3;2;3;3;2;3;4;4;2
603;4;4;4;4;4;4;1;3;4;5;4;2;5
605;4;2;3;3;2;4;4;3;3;3;4;4;3
606;5;2;4;4;3;3;4;1;5;2;4;5;3
607;4;3;3;3;3;2;3;3;4;3;4;3;4
609;2;3;2;3;3;4;3;4;4;3;3;4;4
614;2;1;2;4;2;1;5;5;2;1;4;5;1
617;4;3;3;4;3;3;4;3;4;1;3;3;3
618;5;2;2;4;3;3;3;3;3;3;3;3;3
619;3;4;3;4;4;4;4;5;4;4;4;3;4
621;4;4;3;4;4;2;3;4;4;4;2;1;5
623;4;4;4;4;4;4;3;3;4;4;4;3;3
624;4;4;4;2;1;3;2;2;3;4;5;3;5
627;4;3;3;3;3;3;3;3;3;3;3;3;3
630;3;3;4;2;3;4;3;3;4;4;4;3;3
631;4;4;4;3;4;2;2;1;3;5;4;2;4
634;4;4;3;4;5;3;4;5;3;4;3;5;3
638;2;4;4;2;3;2;4;3;3;1;4;4;2
639;3;4;3;5;4;3;5;4;3;4;4;4;3
644;3;4;4;1;3;4;2;3;4;5;1;3;3
646;2;3;2;2;3;3;3;3;3;3;3;3;3
653;4;4;4;2;4;3;3;3;2;2;4;4;3
655;3;3;3;3;3;2;2;3;4;5;5;3;2
657;3;3;3;3;2;3;3;3;3;3;3;3;3
660;2;4;1;5;2;5;5;4;3;2;1;3;2
662;3;3;2;5;3;5;5;5;3;3;5;2;2
663;3;3;3;3;3;4;3;3;2;3;1;4;1
665;5;3;3;2;3;5;3;2;3;4;3;5;3
667;4;1;4;2;4;4;4;4;2;2;3;4;3
669;4;3;3;3;3;3;3;3;3;3;3;3;3
674;4;2;3;3;3;3;2;2;2;4;2;4;2
675;4;2;2;5;4;1;3;3;4;1;1;4;1
676;4;4;2;3;3;1;1;4;2;5;4;1;3
681;4;3;4;3;3;4;3;4;3;3;3;4;1
683;4;3;4;1;3;5;4;3;5;2;2;1;1
685;4;4;4;3;3;4;2;2;3;3;4;3;4
687;4;2;3;4;3;2;5;3;4;4;3;4;3
689;1;3;3;3;3;4;4;4;1;1;4;4;2
695;4;3;3;4;3;4;4;4;3;2;3;4;2
700;4;4;4;4;2;4;3;3;3;4;4;3;4
701;4;4;4;3;2;3;4;2;2;2;4;3;4
702;3;2;4;4;3;4;3;3;2;2;4;2;2
703;4;3;4;3;4;3;4;3;4;4;3;3;4
704;3;1;2;3;2;3;3;3;3;3;3;3;3
706;4;4;4;4;4;4;3;3;3;4;4;4;3
711;4;3;3;3;3;4;2;2;2;1;2;4;2
713;5;5;5;5;5;4;3;3;3;2;2;3;3
714;3;3;3;3;2;3;3;3;3;2;3;4;2
715;4;2;3;4;3;3;3;3;3;3;3;3;3
716;3;4;4;2;2;4;2;2;3;2;2;4;1
718;2;4;2;4;2;4;4;2;2;2;2;4;2
719;4;4;4;4;5;5;4;4;1;3;4;3;4
723;4;2;2;3;2;3;3;3;2;2;4;4;3
725;5;3;4;1;2;3;4;4;2;2;1;4;3
726;4;1;3;4;4;4;2;3;2;4;4;4;2
727;2;3;4;4;4;4;3;3;4;3;3;4;3
728;2;4;4;2;4;4;4;2;2;2;4;4;3
732;3;3;3;3;3;4;3;3;3;3;4;3;3
742;3;3;3;3;4;4;3;3;2;4;3;3;1
746;5;2;3;2;3;2;2;3;2;4;3;4;1
753;2;1;4;5;3;2;2;4;3;1;3;5;1
754;4;4;4;4;4;3;4;4;4;4;3;4;4
755;3;3;3;3;2;4;3;2;2;2;5;3;3
757;4;3;3;3;4;5;3;2;2;2;4;3;2
760;3;3;3;3;3;4;3;3;2;4;4;2;4
762;3;2;2;4;3;4;2;3;2;1;3;3;1
763;4;4;4;4;4;4;4;4;4;4;2;4;2
764;5;2;3;3;4;3;4;2;3;3;4;2;1
765;4;3;3;2;4;4;3;3;3;4;3;4;4
767;3;2;4;2;2;5;4;4;4;2;2;5;2
768;2;1;1;5;4;3;4;1;4;2;4;4;2
770;1;2;2;2;1;5;5;5;5;5;5;5;5
771;1;3;3;4;3;4;3;2;3;2;3;5;2
772;2;3;2;3;3;3;3;3;2;2;4;3;2
773;3;3;4;3;2;4;2;4;4;4;4;2;2
774;4;3;4;3;3;2;3;3;3;2;4;4;2
775;3;3;3;3;3;3;4;3;3;2;3;4;3
780;5;5;5;3;3;3;3;3;5;5;5;4;3
782;4;4;3;2;3;4;2;2;2;4;4;3;1
783;4;2;2;4;4;3;3;4;2;2;4;3;1
784;4;3;3;3;4;3;4;3;3;3;4;4;4
786;3;4;3;2;3;3;2;3;4;4;3;2;4
788;2;3;3;3;3;4;3;4;3;3;3;3;3
790;1;1;3;3;1;1;5;5;1;1;5;5;1
791;5;5;5;1;5;5;1;5;1;5;5;5;5
792;4;3;4;2;4;4;2;3;4;4;4;4;2
794;3;2;3;2;2;2;4;2;3;4;4;3;3
796;4;4;4;2;4;2;4;5;4;3;1;4;1
798;3;4;3;2;2;4;2;3;4;1;2;4;2
800;4;1;1;1;3;2;3;3;3;1;3;2;1
801;3;3;2;4;4;4;2;3;2;4;3;2;3
803;3;3;3;3;3;3;3;3;3;3;3;3;1
805;4;2;4;1;3;2;2;3;2;1;3;2;1
807;1;1;1;1;5;4;4;2;4;4;4;4;4
808;2;2;3;2;3;3;4;2;3;2;4;3;3
810;1;4;5;3;3;3;3;5;4;3;4;2;1
812;3;4;4;3;3;3;3;2;4;3;4;4;4
813;4;2;3;4;4;2;4;3;4;2;4;4;4
814;5;5;5;5;5;5;5;5;5;5;5;5;4
816;1;1;3;5;3;4;4;1;3;4;5;4;2
817;3;3;3;3;3;3;3;4;3;4;3;3;3
818;2;1;1;4;4;1;4;3;3;3;4;5;1
820;4;1;1;3;2;5;2;1;1;2;5;4;2
821;3;3;3;3;3;3;2;2;4;3;3;3;3
824;3;2;3;4;1;2;4;2;1;2;1;4;1
830;2;2;2;2;2;3;4;3;4;3;4;4;3
832;4;2;4;3;3;4;4;2;2;3;4;5;1
833;4;3;4;3;3;3;3;3;2;3;4;4;3
837;5;5;5;2;3;5;1;1;2;4;4;2;3
840;3;3;3;3;3;5;5;5;3;5;4;3;5
842;3;2;3;2;4;4;3;3;3;4;4;4;4
846;5;2;2;3;4;4;5;4;3;2;2;4;1
851;1;4;4;2;3;3;3;2;3;1;4;1;5
854;2;3;2;3;2;3;2;3;4;2;3;4;4
855;4;4;4;4;4;3;2;4;4;4;2;2;4
856;4;2;4;3;3;4;3;2;4;3;3;3;4
857;2;4;5;1;3;5;4;1;3;4;4;4;4
860;3;4;4;4;4;5;3;2;5;2;4;4;1
862;1;2;2;3;1;2;4;2;2;1;3;3;1
869;1;2;3;5;3;3;1;4;3;4;5;1;5
870;3;1;3;4;4;3;2;2;3;3;2;4;1
871;4;2;2;4;4;4;4;3;5;2;4;4;1
872;2;3;5;4;5;4;1;5;3;1;3;4;5
873;3;2;4;3;4;4;3;4;3;3;3;3;2
875;5;3;2;3;1;3;3;3;1;1;2;5;1
877;4;4;4;4;4;4;4;4;4;4;4;4;4
878;2;1;2;4;2;5;3;2;2;2;4;4;5
879;5;2;3;3;5;5;1;1;1;2;5;2;4
882;3;2;2;3;4;4;4;2;2;2;3;4;2
883;1;1;1;1;1;4;3;3;1;1;3;1;1
885;3;3;3;3;3;3;3;3;4;1;2;3;3
886;2;2;4;3;2;3;3;3;3;3;3;3;3
887;4;2;4;4;2;5;5;5;1;2;5;5;1
891;4;2;2;4;4;4;2;3;2;2;4;4;4
894;4;3;3;3;2;3;2;2;4;2;3;3;2
898;2;1;2;3;2;4;3;2;2;1;3;4;1
901;3;2;2;1;3;4;1;2;1;3;1;4;1
902;4;2;2;4;2;3;2;3;3;3;2;2;1
903;4;2;4;2;3;5;4;1;1;2;4;2;5
908;3;1;4;4;3;3;4;2;2;1;4;2;1
914;4;2;4;2;2;4;4;2;4;2;4;4;5
916;4;3;3;4;2;4;5;5;4;4;4;4;5
917;3;1;1;2;1;3;5;3;4;3;4;2;1
921;3;3;3;3;3;4;3;4;3;3;3;3;3
922;2;1;3;5;4;5;4;1;3;2;5;4;3
924;2;3;3;3;3;4;2;3;3;2;4;4;4
925;5;4;4;4;4;3;3;3;3;2;4;3;4
927;4;4;4;4;4;4;4;4;4;4;2;2;4
928;4;2;2;2;2;4;3;3;3;3;4;4;3
930;3;4;3;3;4;2;4;4;4;4;4;4;1
931;4;4;2;4;3;4;3;3;2;2;5;4;2
932;4;2;3;4;3;4;4;3;3;2;4;3;4
933;3;3;4;3;3;2;3;3;4;4;4;3;3
935;5;3;5;4;3;3;4;4;5;1;4;3;4
936;3;3;4;3;2;1;4;3;4;1;5;3;2
938;3;2;2;3;3;4;3;3;3;1;3;5;1
939;4;4;4;3;4;4;4;4;2;4;3;3;3
940;4;1;2;3;4;3;4;2;2;3;5;4;3
941;3;4;3;2;5;4;4;1;2;1;4;2;4
944;2;3;3;3;3;3;5;4;3;3;5;3;5
947;3;3;3;3;3;4;4;4;4;4;4;4;4
949;2;2;3;4;4;5;5;4;5;4;4;4;1
955;4;3;3;4;3;4;3;3;3;3;4;4;1
956;3;3;3;3;2;3;3;5;4;4;3;4;4
960;4;3;4;3;3;4;1;2;3;2;4;2;3
961;3;2;4;4;5;4;4;2;3;1;5;4;1
962;3;3;3;3;3;4;2;3;3;2;2;3;3
963;5;3;3;3;3;3;2;3;4;4;3;1;1
968;4;4;3;4;3;2;3;3;3;3;4;4;2
969;4;3;3;3;3;3;3;3;3;3;3;3;3
970;3;3;3;3;3;4;3;3;4;2;2;4;3
971;3;2;4;4;5;5;4;2;2;1;4;3;3
972;1;2;3;2;3;5;4;2;4;1;3;2;2
973;3;4;4;3;4;4;3;2;4;3;4;4;4
974;4;2;4;3;2;2;4;4;2;4;4;2;2
976;3;2;3;3;3;4;3;3;3;3;4;4;3
978;4;2;3;2;3;2;3;2;3;3;3;2;1
979;4;2;2;5;3;3;4;2;2;2;2;4;2
982;5;3;2;4;3;2;2;2;3;2;1;5;5
983;3;4;3;3;2;4;2;3;4;3;4;4;4
984;5;4;3;4;4;2;4;3;4;1;1;4;1
985;2;2;3;2;2;4;3;1;2;2;4;4;2
986;3;3;3;3;4;3;4;1;2;1;5;4;1
987;2;3;3;4;2;4;3;2;4;2;4;1;2
989;2;3;1;3;3;3;2;4;1;2;2;4;1
992;5;1;1;1;1;1;1;1;5;1;5;5;1
993;2;2;2;3;2;4;4;2;4;2;3;4;4
995;4;4;4;4;4;4;4;4;4;4;4;4;3
1000;4;3;4;3;4;4;4;4;3;2;3;4;2
1002;3;3;3;2;4;4;4;4;2;4;4;3;3
1004;4;2;4;4;3;4;3;3;3;2;4;3;1
1007;4;2;2;4;4;4;3;3;2;4;4;2;3
1010;3;3;4;3;3;5;4;5;2;1;3;4;1
1011;4;3;3;4;3;4;3;3;2;3;4;4;4
1014;4;3;4;4;3;4;4;2;2;1;3;2;2
1015;5;2;4;2;4;3;2;1;3;5;4;2;2
1017;4;4;4;5;4;5;3;4;4;5;5;4;3
1020;4;3;4;3;4;4;4;3;4;3;5;4;4
1022;3;3;3;3;3;3;4;1;1;2;4;1;4
1025;4;2;3;3;2;4;2;3;2;2;3;4;1
1027;2;1;1;2;1;3;2;2;1;3;2;2;2
1029;1;3;3;3;1;3;3;1;1;1;1;1;1
1030;3;4;3;4;4;2;3;2;2;2;3;4;4
1031;3;2;3;4;3;3;4;3;3;2;4;4;2
1034;4;3;3;3;2;3;3;3;3;4;4;4;3
1040;4;4;4;4;4;4;4;4;5;5;4;5;4
1043;5;5;5;3;3;1;3;3;3;3;3;4;1
1044;3;3;3;4;4;3;3;3;3;4;3;3;3
1045;5;5;5;4;5;5;3;3;5;4;5;5;4
1047;5;5;5;3;5;5;5;5;5;5;1;1;1
1048;2;2;4;2;1;5;5;3;5;5;5;5;5
1050;1;1;1;5;1;1;2;3;2;4;5;1;1
1053;2;1;2;3;1;3;4;4;2;1;3;4;1
1059;3;2;4;3;2;3;4;3;1;1;4;3;2
1060;4;5;3;5;1;3;2;1;2;3;5;3;4
1061;4;3;4;4;3;5;4;5;4;4;4;5;4
1062;4;2;3;4;3;2;4;3;4;1;4;4;3
1063;4;4;5;2;3;3;3;3;4;2;4;5;3
1066;3;4;4;4;4;5;4;2;4;2;4;4;4
1071;3;3;2;3;1;3;4;5;3;2;3;4;2
1072;3;3;3;2;3;1;2;2;2;1;2;2;2
1073;3;5;2;4;3;3;4;4;1;3;2;2;3
1077;5;2;4;1;2;3;4;1;4;4;1;4;3
1078;3;4;4;2;2;3;2;3;4;4;3;2;3
1079;3;2;3;4;4;3;4;3;4;3;4;4;3
1080;3;1;2;4;5;3;1;3;2;4;4;5;1
1081;4;2;2;4;3;2;4;2;2;2;4;2;5
1087;2;3;4;3;1;5;5;3;5;1;3;5;5
1089;4;5;4;5;5;1;4;1;4;5;5;1;4
1090;2;2;2;2;2;5;4;3;2;3;2;4;2
1099;3;3;3;3;3;4;2;3;3;2;3;4;2
1102;4;2;2;4;3;4;2;3;2;2;4;4;2
1104;4;2;2;4;4;4;4;2;2;2;4;4;2
1106;3;3;2;3;2;3;4;2;3;3;2;3;2
1107;3;2;3;3;2;4;3;3;4;2;3;3;1
1108;3;3;3;3;3;3;3;3;3;4;3;3;3
1109;4;3;2;4;3;4;2;3;2;2;4;2;2
1112;3;3;3;3;3;3;3;1;3;4;4;3;3
1114;3;2;4;3;2;2;3;3;3;1;4;4;4
1116;2;1;1;5;1;5;5;5;1;1;4;4;2
1120;4;2;4;2;4;5;4;3;1;2;5;4;2
1123;4;3;4;4;4;3;2;2;2;3;3;3;1
1124;3;3;3;3;3;3;3;3;3;3;2;3;3
1128;4;2;2;3;3;3;3;3;3;2;3;3;3
1134;3;3;3;3;3;3;3;3;3;4;3;3;3
1135;3;4;4;4;2;3;3;2;2;2;4;4;3
1136;4;4;4;4;4;4;4;4;4;4;4;4;4
1137;3;1;5;4;2;5;2;2;3;4;1;2;5
1138;4;3;3;4;3;5;2;5;4;5;4;5;3
1144;3;2;3;3;2;4;3;3;1;2;4;4;1
1148;3;2;2;2;3;2;3;3;4;1;4;4;4
1149;4;2;3;2;3;3;3;2;4;2;4;3;2
1153;2;2;1;2;3;5;4;1;1;1;2;3;1
1157;3;3;4;4;3;3;3;3;3;3;3;3;4
1159;4;4;3;3;4;3;3;3;1;1;3;2;3
1160;4;4;4;4;4;3;3;3;3;4;4;3;3
1161;2;2;2;3;2;3;4;3;2;3;4;3;3
1164;4;3;4;2;3;2;2;2;3;4;4;2;2
1169;4;3;3;3;3;4;4;4;3;4;4;4;2
1172;2;2;3;3;4;4;3;2;2;1;4;4;3
1174;2;3;3;2;2;2;2;2;1;2;4;4;2
1184;4;3;3;2;4;4;2;1;4;2;4;4;1
1185;2;3;2;2;1;2;1;2;3;2;2;4;3
1188;3;3;3;2;3;3;4;2;3;5;3;2;4
1189;5;3;4;2;2;4;2;2;4;2;4;4;1
1192;4;1;1;1;1;4;4;4;1;1;4;4;1
1194;4;4;4;4;4;4;2;2;2;4;4;4;1
1195;3;2;3;3;3;4;3;3;3;3;3;4;1
1196;3;2;3;3;5;3;3;3;3;3;3;3;3
1197;3;3;2;3;2;3;3;3;1;2;1;4;1
1198;3;2;2;4;3;4;3;3;3;1;3;2;4
1200;3;3;3;2;3;3;3;4;4;4;3;2;2
1203;4;4;4;3;4;2;3;2;4;2;5;4;3
1204;2;2;3;3;3;4;2;2;4;4;4;2;3
1207;4;3;3;4;2;4;4;2;4;4;4;3;3
1210;3;2;3;2;1;2;3;2;2;2;1;2;4
1212;2;2;2;2;2;4;4;2;2;4;4;2;4
1213;4;2;4;3;3;2;3;3;3;4;3;3;1
1214;4;1;2;4;4;4;3;3;4;2;3;3;4
1216;4;2;4;3;2;4;3;4;2;2;3;3;2
1218;3;4;2;3;4;4;2;2;2;4;4;3;4
1219;2;3;4;3;3;4;3;2;2;2;4;4;3
1225;4;4;1;3;3;5;3;1;2;2;4;4;4
1227;4;2;4;3;4;4;4;3;4;1;4;1;1
1229;3;4;3;3;4;3;3;4;3;3;3;3;3
1230;1;3;3;5;4;3;5;3;1;1;1;5;3
1232;3;1;2;2;2;2;2;3;3;3;3;3;2
1233;4;4;4;4;4;4;3;4;4;4;4;4;4
1235;4;3;4;4;4;2;2;3;2;2;4;2;4
1238;3;3;3;3;3;4;4;3;4;2;3;3;2
1243;3;2;4;3;3;4;4;3;4;4;4;3;4
1250;3;3;3;3;3;4;4;2;2;2;4;3;3
1254;4;3;3;1;2;2;3;5;3;5;5;1;5
1256;5;5;5;5;5;5;3;3;5;3;5;3;1
1257;4;2;2;4;2;3;2;2;3;2;4;2;2
1258;4;4;3;3;3;4;4;2;4;4;3;3;4
1259;1;1;1;2;3;5;3;3;2;2;1;5;1
1261;4;3;3;4;4;4;3;2;2;4;4;4;3
1264;2;2;5;2;3;3;3;4;2;3;5;5;3
1268;4;2;2;3;2;4;4;3;2;1;3;5;4
1270;2;3;4;1;4;5;4;2;4;2;5;4;2
1271;1;1;1;3;3;1;5;1;1;1;3;4;5
1275;4;2;4;4;5;4;4;2;4;3;4;4;4
1276;2;2;3;2;3;2;4;4;4;4;4;4;2
1277;5;3;3;2;5;3;1;3;2;5;2;1;1
1278;4;2;2;5;1;2;3;3;4;2;3;5;4
1279;3;3;3;2;3;3;2;2;2;4;4;2;3
1282;4;2;4;4;3;4;3;2;4;3;5;4;3
1283;4;4;4;4;4;2;3;4;2;2;1;1;3
1288;2;2;1;2;2;2;3;3;3;2;2;2;3
1290;1;1;1;1;1;1;1;1;1;1;1;1;1
1292;4;1;1;5;3;4;3;5;4;2;4;3;1
1296;3;4;4;4;3;4;4;4;3;4;5;4;2
1302;4;3;3;4;4;4;3;2;3;2;4;3;3
1304;4;4;3;3;3;3;3;4;3;3;4;3;4
1306;4;4;4;2;4;5;3;3;2;1;4;2;1
1308;4;3;4;3;2;4;3;2;3;1;5;4;4
1309;2;1;4;4;4;5;4;3;1;1;4;4;1
1312;4;4;3;4;3;4;4;2;2;4;3;4;4
1314;4;1;2;4;3;4;4;3;3;3;2;4;1
1316;5;1;4;2;3;2;3;1;3;4;3;4;4
1317;1;1;1;1;1;1;1;1;1;1;1;1;1
1321;4;5;5;4;4;5;4;5;4;5;4;4;5
1322;5;1;2;4;1;5;4;3;3;2;4;4;1
1323;2;3;3;3;3;3;3;3;3;3;3;3;3
1325;4;2;3;3;4;5;3;3;4;1;3;1;1
1327;1;1;1;1;1;1;1;1;1;1;1;1;1
1328;3;2;3;3;3;3;3;3;3;3;1;3;3
1330;5;4;4;4;4;4;3;2;4;2;4;2;3
1331;2;2;1;3;1;1;1;2;2;3;2;5;4
1332;4;4;3;4;4;3;1;4;2;4;3;4;3
1334;4;2;4;4;3;4;4;2;2;1;4;4;2
1335;3;2;3;2;4;3;3;3;2;4;3;2;2
1336;1;1;3;4;3;2;3;3;3;2;4;4;4
1338;4;4;4;4;4;4;3;4;4;4;4;4;4
1340;4;4;5;4;4;5;3;4;4;3;4;3;2
1348;3;2;4;4;2;3;3;3;3;1;3;5;3
1349;5;5;5;1;5;5;1;1;1;2;5;2;1
1353;2;3;4;2;2;4;2;1;3;3;4;3;4
1354;4;4;4;3;3;4;2;4;2;2;2;3;2
1358;4;4;5;3;2;4;4;4;1;2;5;4;3
1361;4;4;4;5;4;5;1;3;5;4;1;4;1
1363;3;2;3;2;4;4;3;3;2;2;4;4;1
1365;3;3;3;3;3;3;3;1;4;3;3;3;3
1366;5;3;4;1;4;3;5;4;5;2;5;4;3
1370;1;2;1;4;2;2;3;3;4;3;4;4;4
1378;2;3;3;4;2;3;4;4;4;4;2;2;3
1379;4;4;4;4;2;4;4;1;4;4;4;1;1
1380;5;4;4;5;5;2;3;2;4;4;4;4;3
1386;4;3;4;3;2;5;3;2;2;1;3;1;1
1387;1;2;1;4;1;1;5;2;1;1;4;4;1
1388;1;2;1;1;1;3;4;3;3;4;2;4;1
1392;5;2;3;4;5;1;2;1;1;5;5;5;5
1395;4;4;4;3;4;4;3;2;2;3;4;2;5
1398;3;3;3;3;3;4;3;3;3;3;4;3;3
1399;4;5;5;3;3;4;4;2;5;1;5;4;1
1401;2;2;3;4;4;4;4;3;2;4;4;3;2
1404;1;1;1;1;1;3;5;2;1;1;3;3;5
1405;5;4;3;4;4;4;1;1;2;4;4;4;3
1408;4;2;3;2;3;4;3;3;4;4;3;3;3
1409;4;4;3;3;4;3;2;2;3;3;3;3;3
1410;4;4;4;1;4;5;3;3;1;1;1;4;1
1411;1;2;2;2;1;2;4;3;2;4;4;3;3
1416;4;3;3;3;3;3;3;4;3;4;3;3;4
1418;2;3;4;3;2;4;3;2;3;4;4;4;5
1423;4;2;4;2;4;4;3;3;4;2;4;4;4
1425;4;4;4;3;4;4;2;2;4;4;4;2;3
1426;4;4;4;3;3;5;2;2;3;3;4;3;3
1428;4;4;4;4;4;4;4;4;4;4;4;4;4
1433;1;3;1;1;1;1;1;1;1;1;1;1;3
1435;4;3;3;3;3;4;4;3;3;2;3;3;3
1437;3;3;4;3;3;3;3;3;3;3;3;3;3
1438;5;3;3;2;4;4;2;3;3;3;3;2;2
1439;3;3;3;3;3;3;3;3;3;3;2;3;3
1443;5;4;4;3;3;4;3;3;2;3;4;3;1
1445;3;5;5;2;3;3;1;1;4;4;5;2;3
1447;3;2;2;4;4;4;3;3;2;2;4;3;2
1448;4;3;4;3;4;4;3;2;2;3;4;3;4
1450;4;4;4;4;4;3;2;3;3;2;3;3;2
1451;4;3;3;3;3;4;3;5;1;2;3;4;1
1452;4;3;3;3;3;3;3;1;1;1;3;4;3
1456;3;3;3;3;3;1;1;1;1;1;1;1;1
1457;3;3;4;5;4;5;4;3;2;2;4;3;5
1459;3;3;4;3;4;3;3;3;3;3;4;4;3
1460;4;3;3;4;2;4;4;4;3;4;4;4;4
1461;4;3;4;3;4;3;3;3;2;2;4;4;2
1463;2;3;4;3;4;3;2;1;2;1;3;1;1
1465;2;2;2;3;2;4;1;3;2;4;2;3;1
1467;1;1;3;3;1;5;3;3;2;3;3;3;2
1470;1;1;1;1;1;1;1;1;1;1;1;1;1
1471;3;2;2;3;3;3;3;4;2;1;3;2;1
1473;3;4;4;3;3;3;3;3;3;4;2;4;3
1476;4;3;4;3;4;3;4;3;4;2;3;2;1
1482;2;2;2;2;3;2;1;4;4;4;2;4;2
1484;5;3;4;4;5;5;4;2;4;4;4;5;3
1485;4;1;2;4;3;3;3;3;3;4;3;4;1
1489;4;3;4;4;3;3;3;3;4;4;3;3;4
1490;4;2;3;2;3;3;2;2;5;5;4;3;1
1492;3;2;2;2;2;4;2;4;4;5;3;3;2
1496;3;3;3;4;3;3;2;3;3;3;4;3;3
1497;3;3;3;3;3;4;4;3;1;2;2;5;2
1498;3;3;3;3;3;3;3;4;3;3;4;3;4
1503;1;1;2;4;1;3;2;1;1;3;2;5;1
1506;5;2;2;4;2;1;4;2;4;1;4;5;1
1511;3;4;3;3;5;4;4;4;4;2;4;4;4
1513;5;4;3;3;5;5;3;3;1;2;1;4;3
1519;4;4;3;3;4;4;3;3;2;3;3;3;1
1522;4;4;4;4;4;4;4;4;4;4;4;4;4
1523;4;2;4;4;3;3;4;2;3;3;4;4;2
1524;4;2;2;4;3;4;3;3;1;2;3;4;2
1527;5;1;1;1;1;5;3;1;1;5;3;1;1
1528;4;4;3;4;4;3;4;4;4;3;4;4;4
1529;4;3;4;4;4;3;3;2;3;2;3;3;4
1531;4;4;5;4;3;3;3;3;2;4;2;4;2
1533;3;5;3;5;3;3;3;3;3;1;5;3;2
1534;3;3;3;3;3;2;1;3;2;2;3;2;2
1535;4;3;2;4;3;5;2;3;4;4;4;4;1
1536;3;3;2;3;2;4;3;3;2;3;3;3;1
1540;4;4;4;3;4;2;3;3;4;3;4;3;4
1542;4;2;4;4;4;4;4;4;3;4;2;4;4
1543;4;3;3;3;1;2;3;1;2;5;3;3;1
1546;4;4;4;2;4;4;2;4;4;4;5;2;1
1549;3;2;2;3;3;4;4;3;2;3;4;3;2
1551;4;2;2;4;5;5;1;1;3;2;1;5;1
1553;5;2;5;2;5;3;2;1;3;4;4;3;3
1554;4;2;3;4;2;3;2;2;3;2;4;3;2
1557;4;2;3;4;2;4;2;1;1;2;4;4;1
1559;4;2;2;3;4;4;4;2;2;2;2;4;2
1560;3;2;2;3;2;4;3;3;4;2;3;4;2
1561;5;4;5;4;4;5;4;4;4;5;5;5;4
1563;3;2;3;2;3;3;4;3;2;2;4;4;1
1565;3;3;3;3;3;4;3;3;2;4;3;4;3
1570;3;2;3;4;2;3;2;2;4;2;4;2;3
1575;2;3;4;3;3;5;4;3;3;2;4;4;3
1580;3;3;3;3;2;2;3;3;3;3;4;4;3
1582;4;3;2;4;4;4;2;3;2;4;3;4;4
1583;4;2;2;3;3;4;3;3;4;3;4;4;3
1584;3;2;3;3;3;4;2;2;2;2;4;3;2
1586;5;2;4;3;4;3;2;1;2;2;3;4;1
1590;4;1;1;2;3;2;2;3;1;1;3;4;1
1592;5;3;4;1;5;1;1;1;1;4;5;1;3
1593;3;3;3;3;3;4;4;3;3;4;3;3;3
1594;4;3;3;3;4;4;3;3;3;2;4;3;3
1597;4;3;3;3;4;4;3;2;2;2;3;4;3
1598;3;3;3;3;4;2;3;3;3;4;3;4;4
1604;1;1;1;3;4;5;5;3;4;1;5;5;5
1606;4;2;4;2;3;4;2;2;4;1;3;4;1
1609;4;3;2;3;3;4;3;3;3;4;4;2;3
1611;3;3;3;3;3;3;3;3;3;4;3;3;3
1612;4;1;2;5;3;2;2;3;1;1;3;2;2
1615;4;4;4;3;3;3;3;2;2;3;5;5;4
1619;3;3;2;4;2;2;2;3;2;3;3;3;1
1621;2;3;3;2;3;3;3;3;3;3;3;3;3
1622;4;3;4;2;3;4;3;3;3;2;4;4;2
1623;1;3;2;4;3;4;4;4;2;4;3;4;3
1624;4;3;3;3;4;5;3;3;4;4;3;4;4
1625;4;2;2;4;3;2;3;3;1;4;4;5;1
1629;1;1;2;2;1;3;3;4;1;3;3;5;3
1630;4;4;4;3;2;4;2;2;2;3;2;4;4
1631;2;2;4;4;1;4;2;1;3;1;2;1;4
1632;4;2;4;3;4;4;3;2;1;4;4;4;3
1636;3;3;4;3;3;3;3;3;3;2;3;4;3
1638;3;2;4;3;4;3;5;3;1;1;1;4;4
1641;1;1;1;1;1;3;3;3;3;3;3;3;4
1642;1;2;2;4;3;3;3;2;2;1;3;4;3
1647;3;1;2;4;4;5;2;1;2;2;5;3;2
1648;4;3;4;3;4;3;3;3;3;3;3;3;3
1651;4;3;4;4;4;4;3;2;4;2;4;4;4
1653;4;1;2;4;4;4;3;4;3;2;3;3;1
1655;4;1;1;5;3;1;4;2;5;1;3;5;1
1658;4;2;2;2;2;2;3;2;2;3;3;4;4
1661;3;2;1;3;1;5;3;1;2;2;3;2;5
1663;3;3;3;3;2;3;3;3;3;2;3;2;3
1670;4;3;3;3;3;2;3;3;3;3;2;2;2
1672;4;4;2;2;3;2;3;2;2;4;3;4;2
1674;2;3;4;2;2;4;3;3;3;1;4;3;4
1677;4;3;4;2;3;4;2;2;2;3;3;4;3
1678;3;1;4;2;4;2;4;4;2;4;4;4;2
1681;4;4;4;3;5;5;2;2;2;3;2;2;3
1683;4;3;3;2;3;3;3;3;4;3;4;4;4
1686;4;2;4;3;4;2;2;2;2;2;4;4;2
1687;4;2;2;4;4;3;3;1;3;2;4;4;5
1693;4;3;3;1;3;4;3;3;3;1;3;4;3
1694;4;2;4;3;4;1;3;2;4;4;5;3;2
1695;4;2;4;3;3;2;4;3;2;3;3;4;2
1697;2;1;1;1;3;4;4;5;3;1;3;3;1
1698;5;4;3;4;4;5;3;2;4;4;2;4;1
1702;4;2;3;4;4;3;3;3;2;4;3;4;1
1706;3;1;4;4;4;5;4;5;5;3;3;1;1
1708;3;3;3;3;3;5;2;3;2;1;3;5;1
1710;2;3;1;3;1;4;4;3;5;3;3;4;3
1713;4;3;3;4;4;4;2;2;2;2;2;4;2
1714;1;1;1;1;1;2;1;2;5;2;2;2;2
1717;4;2;3;4;3;4;3;3;2;3;4;4;2
1719;5;5;5;3;5;5;1;1;5;3;5;5;3
1720;4;4;4;4;4;5;2;4;4;5;4;4;4
1722;4;3;3;4;4;4;3;3;3;3;4;3;4
1726;5;2;3;5;5;4;3;4;2;3;4;4;4
1727;4;3;4;4;2;5;3;2;1;3;4;4;2
1730;4;4;4;4;3;4;3;3;3;3;4;4;3
1732;4;4;4;3;3;4;3;3;1;5;5;3;5
1737;3;2;2;4;3;3;4;3;1;2;4;3;2
1738;2;2;3;4;2;2;2;3;4;3;4;4;3
1740;5;2;4;3;4;5;4;4;2;4;5;2;5
1741;4;3;3;2;3;4;3;3;2;4;3;4;3
1747;1;2;2;4;2;4;3;3;4;1;2;3;1
1748;4;3;3;3;4;4;4;3;2;4;3;1;1
1755;4;2;2;4;2;4;4;3;2;4;1;4;1
1757;2;2;3;4;3;5;3;3;2;2;4;4;3
1764;3;2;2;4;2;4;3;4;2;4;4;4;3
1766;4;3;2;3;1;4;3;4;4;4;4;4;1
1768;4;2;2;4;3;2;2;2;3;4;2;2;2
1769;5;4;5;2;4;5;2;3;4;1;5;3;1
1771;4;2;3;2;4;4;3;2;3;2;4;1;5
1772;3;2;3;3;3;3;3;4;3;2;3;4;1
1773;3;2;2;4;3;3;3;3;4;2;3;4;3
1774;1;2;3;3;2;2;4;3;4;4;2;3;1
1775;1;2;3;4;2;4;4;1;2;2;4;3;4
1777;4;3;3;3;2;4;4;5;2;3;3;4;1
1779;2;1;3;3;1;4;4;3;1;1;3;4;1
1781;4;4;4;4;4;4;4;4;4;2;4;4;3
1785;2;1;3;2;3;4;4;2;5;1;4;1;4
1786;2;2;3;3;4;3;3;3;2;1;4;4;3
1790;3;1;1;1;1;5;4;2;5;3;4;4;3
1796;2;2;3;2;2;5;1;2;1;1;4;5;2
1797;5;5;4;4;5;4;4;4;5;5;5;4;4
1798;3;3;3;4;2;3;4;3;3;3;2;2;3
1802;3;2;2;3;3;4;3;3;4;3;3;3;3
1803;3;1;3;3;3;5;3;2;1;1;5;2;5
1807;2;2;4;3;1;1;3;2;3;2;3;2;2
1808;5;4;4;2;4;5;4;4;1;2;4;3;1
1809;4;3;3;3;4;3;2;2;1;4;4;3;3
1810;2;3;3;2;2;4;3;3;1;2;3;4;1
1811;4;2;3;3;3;4;3;3;5;4;3;4;3
1812;3;4;1;5;3;3;4;1;3;3;3;4;2
1813;1;1;1;3;1;2;5;1;3;1;5;5;1
1815;4;2;4;3;2;2;3;4;3;2;3;4;3
1816;3;2;3;4;4;3;4;3;2;2;4;4;3
1818;2;1;2;3;3;3;5;3;1;1;3;5;1
1819;4;3;3;4;4;3;4;3;3;4;4;3;3
1823;4;1;1;1;5;5;4;1;3;1;4;4;1
1824;3;2;2;4;2;2;4;4;3;4;3;4;1
1825;1;1;4;2;5;5;3;3;1;3;5;4;2
1826;4;4;4;4;3;4;2;2;4;2;4;4;3
1828;4;4;5;3;4;2;3;2;2;4;3;2;3
1830;3;2;2;3;2;4;3;2;1;1;3;2;2
1831;4;2;2;2;4;4;3;2;4;2;4;4;3
1832;1;2;1;2;1;1;5;1;1;1;1;1;5
1833;3;1;2;5;4;2;4;4;3;3;3;4;1
1836;5;3;4;4;2;3;3;4;1;2;3;3;1
1837;3;2;3;3;4;3;3;3;1;3;2;4;1
1838;3;1;2;4;2;3;2;3;2;2;3;3;3
1840;4;2;4;4;3;3;2;3;3;3;3;4;1
1841;4;3;2;4;4;3;3;2;4;3;4;4;4
1844;1;4;3;3;1;3;4;3;4;1;4;4;3
1846;4;2;4;3;3;3;3;2;3;4;2;4;2
1848;4;3;3;2;2;1;3;1;5;1;5;4;3
1853;2;2;4;3;3;2;3;4;3;2;2;3;3
1855;3;2;2;3;4;4;4;3;4;3;3;4;2
1856;4;3;3;2;3;2;3;3;3;2;4;3;2
1858;1;1;1;4;3;4;3;4;4;1;4;4;1
1859;2;2;2;3;1;4;5;5;5;1;3;4;5
1861;3;1;2;4;2;4;5;1;3;4;5;5;1
1862;5;1;1;2;4;2;4;2;2;2;3;3;2
1863;4;4;2;3;2;2;4;3;2;2;4;5;1
1869;3;2;4;4;2;4;2;2;4;2;4;4;4
1870;3;4;4;3;4;4;2;2;2;2;4;3;1
1871;4;4;4;2;4;3;2;4;4;5;4;4;2
1873;5;3;1;5;3;5;1;5;5;1;1;5;1
1877;3;3;3;3;2;2;3;3;3;3;3;3;3
1880;2;3;2;2;1;1;1;1;2;2;1;2;2
1881;4;2;2;4;2;4;4;3;2;3;4;5;3
1882;5;3;3;4;5;4;3;2;2;2;4;4;2
1884;2;3;4;3;2;4;3;3;4;3;4;2;2
1885;3;2;3;2;3;3;4;4;2;2;5;2;1
1887;2;1;3;4;3;1;5;1;2;1;4;5;4
1888;4;3;2;2;4;4;4;3;3;4;4;4;4
1889;2;2;4;4;4;4;3;2;2;2;5;4;2
1890;4;1;3;4;3;4;5;5;3;1;1;4;3
1891;5;5;5;3;3;3;1;1;5;1;3;3;1
1892;4;4;3;4;4;4;4;4;4;4;4;4;4
1894;1;2;2;4;1;4;2;4;3;2;2;4;2
1895;4;3;4;3;3;3;3;3;3;4;4;1;3
1896;5;1;2;5;4;5;2;2;1;1;4;4;2
1902;2;5;4;5;2;4;5;1;5;1;5;4;5
1904;2;4;4;2;2;4;5;2;2;1;3;2;2
1907;4;4;2;2;3;4;2;4;4;3;2;4;3
1909;4;2;4;4;5;4;3;4;4;2;1;3;1
1911;2;2;2;4;3;3;3;4;4;1;4;4;3
1912;3;1;2;3;2;3;4;2;4;2;4;2;1
1914;4;2;2;3;4;3;4;3;4;3;4;3;4
1916;2;3;2;2;2;2;2;2;1;1;1;2;2
1918;5;2;2;4;1;5;4;1;1;3;4;5;1
1919;4;2;4;3;2;4;4;5;2;2;4;3;1
1922;5;1;1;1;5;1;5;1;4;2;4;4;1
1925;4;1;1;5;3;5;2;4;5;4;4;1;4
1927;5;2;3;3;5;2;3;1;3;1;5;1;2
1928;4;2;5;3;4;2;2;2;4;4;3;4;3
1931;3;1;2;4;4;4;5;5;1;2;2;1;1
1932;2;2;3;4;3;3;4;4;4;2;4;4;2
1933;2;2;2;4;3;2;3;3;4;2;3;4;4
1935;4;4;5;4;4;4;4;4;4;4;4;5;4
1936;4;1;2;3;5;4;4;2;3;2;4;4;3
1937;4;3;3;4;4;4;2;2;4;2;4;4;3
1938;3;3;3;4;4;2;3;3;3;2;4;4;3
1939;4;2;3;4;4;3;3;2;2;4;2;2;5
1940;3;4;4;4;3;3;3;1;4;2;4;2;4
1942;1;2;4;5;2;2;4;3;4;1;4;5;2
1943;2;1;2;1;1;4;5;4;4;4;4;4;4
1944;5;3;4;3;3;3;4;4;2;2;5;4;5
1947;2;2;1;1;2;5;3;4;2;3;4;4;3
1948;3;3;4;3;5;3;2;1;1;4;2;3;2
1951;4;3;3;3;4;4;2;2;5;2;4;4;3
1952;4;5;5;1;1;5;1;3;1;1;5;5;3
1955;4;2;4;2;2;3;2;2;2;2;4;4;3
1957;5;1;2;5;4;3;2;2;2;2;4;4;3
1958;1;2;2;2;1;4;4;4;4;2;4;4;4
1959;4;4;4;4;4;3;5;2;4;5;3;1;5
1960;4;4;4;4;4;5;3;2;5;5;5;5;5
1964;2;2;2;2;2;4;2;2;2;3;5;2;4
1967;4;2;4;4;4;5;3;2;5;2;5;4;2
1969;3;4;2;3;3;3;2;4;3;3;2;4;4
1973;4;2;3;3;3;3;3;2;3;2;4;4;2
1975;4;3;4;3;3;2;3;5;3;4;3;4;1
1976;2;1;2;4;2;2;4;3;2;2;4;3;4
1977;4;3;3;3;3;3;4;1;3;4;4;4;5
1979;4;1;2;2;4;4;3;3;4;2;3;3;1
1981;1;5;1;5;5;1;1;1;1;1;2;1;1
1982;2;1;4;4;4;3;4;2;2;1;4;4;3
1983;1;2;2;3;2;3;4;4;3;2;1;4;3
1985;4;3;4;2;3;3;2;2;4;2;3;4;4
1987;5;2;3;2;1;3;4;5;3;3;2;5;1
1989;3;5;1;2;4;3;4;4;5;2;2;3;4
1991;3;3;3;3;2;3;3;3;4;2;3;3;1
1992;5;4;2;4;4;2;1;2;1;4;5;1;1
1993;5;1;1;3;1;4;3;3;3;2;4;5;1
1994;2;3;3;3;2;2;4;2;3;2;3;2;3
1995;4;2;2;3;3;3;3;3;3;2;3;4;1
1996;3;3;3;3;3;3;2;4;3;2;3;4;4
1999;3;2;3;2;4;1;5;1;4;3;5;3;3
2000;4;1;5;3;2;3;2;3;5;5;4;2;2
2004;4;2;2;3;4;4;4;4;4;4;4;4;4
2005;2;1;1;2;3;1;5;1;1;1;1;1;1
2007;5;2;4;3;2;4;1;3;1;3;2;3;1
2008;5;2;2;4;3;3;5;4;4;2;4;4;3
2009;5;2;4;3;3;4;3;4;2;2;3;3;1
2010;4;3;3;3;4;3;3;3;3;2;3;4;4
2011;4;2;4;2;5;4;2;2;2;2;4;3;3
2012;2;1;3;2;5;4;3;3;4;2;4;5;2
2013;5;2;2;4;5;3;3;2;5;4;1;4;1
2014;4;2;3;3;3;2;3;4;3;3;4;2;3
2016;4;3;4;2;1;2;2;3;2;2;2;4;3
2017;5;4;3;2;1;3;3;2;3;2;3;3;2
2019;3;1;3;1;3;1;1;2;3;3;3;3;3
2024;4;3;4;2;4;4;2;3;2;3;4;2;2
2030;2;2;3;3;4;4;3;3;3;3;3;3;3
2031;1;2;2;2;1;4;3;3;4;2;4;2;1
2032;4;1;2;4;5;3;4;3;2;2;3;5;3
2033;4;5;3;4;4;2;3;4;2;5;2;5;4
2034;3;2;4;4;4;5;4;3;4;2;5;4;3
2035;5;1;5;5;5;5;1;1;5;5;5;5;1
2036;4;4;2;4;4;2;2;4;3;4;5;4;4
2039;4;2;2;3;4;4;3;3;3;4;4;4;5
2041;4;3;3;2;4;4;2;1;4;2;2;4;3
2042;1;1;3;4;5;5;1;2;5;1;5;1;5
2043;5;2;4;3;1;4;4;3;4;2;2;5;3
2046;3;4;3;2;3;1;2;4;2;3;2;3;5
2050;4;1;1;5;3;3;5;5;3;5;4;1;1
2053;2;3;4;3;4;4;2;4;5;3;2;4;4
2058;1;1;2;4;4;3;4;2;3;2;3;5;1
2060;4;4;3;2;3;4;2;2;3;4;4;4;2
2062;3;2;4;4;2;4;2;2;3;1;5;4;1
2063;4;4;3;3;5;2;3;2;3;4;2;4;2
2064;4;1;3;2;4;5;4;1;1;4;4;2;1
2065;4;3;3;3;4;2;4;2;3;4;4;2;1
2067;2;1;2;2;1;4;4;3;2;2;4;3;2
2068;5;3;2;3;5;3;5;5;4;1;3;5;5
2069;4;1;3;4;3;5;5;3;2;4;5;4;2
2074;4;3;4;4;4;4;4;3;4;4;4;4;2
2076;5;3;5;1;3;1;1;5;5;5;5;5;1
2077;2;2;2;4;4;2;4;2;3;2;5;4;3
2079;3;3;2;4;2;4;3;3;4;3;5;3;2
2081;4;3;2;3;1;3;3;2;2;2;1;3;1
2082;5;1;2;3;4;3;4;2;3;4;4;2;3
2083;1;3;4;5;3;3;5;2;1;1;2;3;3
2087;4;2;4;2;2;4;2;4;2;3;2;2;4
2090;4;5;2;3;4;5;5;3;4;4;4;5;1
2091;4;2;2;4;3;3;2;3;3;2;2;2;1
2094;4;2;5;4;2;2;2;4;4;2;5;2;4
2097;2;4;4;3;2;4;2;4;3;3;4;3;4
2099;1;1;2;5;3;4;3;3;2;1;3;1;1
2100;5;4;4;2;4;4;4;1;5;4;5;2;4
2101;4;2;2;2;4;4;2;3;2;2;4;4;3
2102;5;3;3;3;4;2;2;4;4;2;3;3;1
2105;4;2;2;4;1;2;4;3;1;2;4;4;3
2106;3;3;3;3;3;1;1;1;1;1;1;1;1
2108;2;2;1;1;1;4;2;3;4;3;3;4;1
2110;5;4;2;5;3;2;2;2;2;2;4;2;2
2111;1;1;3;2;4;4;2;2;2;1;5;4;3
2119;5;2;4;4;5;4;2;2;2;2;4;4;3
2120;3;3;4;3;4;3;4;2;3;2;3;3;2
2122;3;5;2;5;2;1;3;2;2;2;1;1;1
